{
  "firebase": {
    "apiKey": "AIzaSyAVxAdCx5JW0K7o5B53p_fThHYUPtWRQF4",
    "authDomain": "vidlearn-ai.firebaseapp.com",
    "projectId": "vidlearn-ai",
    "storageBucket": "vidlearn-ai.firebasestorage.app",
    "messagingSenderId": "1097713470067",
    "appId": "1:1097713470067:web:821f08db03951f83363806",
    "measurementId": "G-PQDV30TTX1"
  },
  "google": {
    "translate": "YOUR_GOOGLE_TRANSLATE_API_KEY",
    "gemini": "YOUR_GOOGLE_GEMINI_API_KEY",
    "client_id": "1097713470067-4o18jnj4sgujpu4f9o4kogen53e2bknj.apps.googleusercontent.com"
  },
  "api_keys": {
    "GOOGLE_CLIENT_ID": "1097713470067-4o18jnj4sgujpu4f9o4kogen53e2bknj.apps.googleusercontent.com"
  }
} 